{
  "manifest": [
    { "id": "level 1", "src": "levels/level 1.txt" },
    { "id": "level 2", "src": "levels/level 1.txt" },
    { "id": "level 3", "src": "levels/level 1.txt" },
    { "id": "level 4", "src": "levels/level 1.txt" },
    { "id": "level 5", "src": "levels/level 1.txt" },
    { "id": "level 6", "src": "levels/level 1.txt" },
    { "id": "level 7", "src": "levels/level 1.txt" },
    { "id": "level 8", "src": "levels/level 1.txt" },
    { "id": "level 9", "src": "levels/level 1.txt" },
    { "id": "level 10", "src": "levels/level 1.txt" },
    { "id": "level 11", "src": "levels/level 1.txt" },
    { "id": "level 12", "src": "levels/level 1.txt" },
    { "id": "level 13", "src": "levels/level 1.txt" },
    { "id": "level 14", "src": "levels/level 1.txt" },
    { "id": "level 15", "src": "levels/level 1.txt" },
    { "id": "level 16", "src": "levels/level 1.txt" },
    { "id": "level 17", "src": "levels/level 1.txt" },
    { "id": "level 18", "src": "levels/level 1.txt" },
    { "id": "level 19", "src": "levels/level 1.txt" },
    { "id": "level 20", "src": "levels/level 2.txt" },
    { "id": "level 21", "src": "levels/level 2.txt" },
    { "id": "level 22", "src": "levels/level 2.txt" },
    { "id": "level 23", "src": "levels/level 2.txt" },
    { "id": "level 24", "src": "levels/level 2.txt" },
    { "id": "level 25", "src": "levels/level 2.txt" },
    { "id": "level 26", "src": "levels/level 2.txt" },
    { "id": "level 27", "src": "levels/level 2.txt" },
    { "id": "level 28", "src": "levels/level 2.txt" },
    { "id": "level 29", "src": "levels/level 2.txt" },
    { "id": "level 30", "src": "levels/level 3.txt" },
    { "id": "level 31", "src": "levels/level 3.txt" },
    { "id": "level 32", "src": "levels/level 3.txt" },
    { "id": "level 33", "src": "levels/level 3.txt" },
    { "id": "level 34", "src": "levels/level 3.txt" },
    { "id": "level 35", "src": "levels/level 3.txt" },
    { "id": "level 36", "src": "levels/level 3.txt" },
    { "id": "level 37", "src": "levels/level 3.txt" },
    { "id": "level 38", "src": "levels/level 3.txt" },
    { "id": "level 39", "src": "levels/level 3.txt" },
    { "id": "level 40", "src": "levels/level 4.txt" },
    { "id": "level 41", "src": "levels/level 4.txt" },
    { "id": "level 42", "src": "levels/level 4.txt" },
    { "id": "level 43", "src": "levels/level 4.txt" },
    { "id": "level 44", "src": "levels/level 4.txt" },
    { "id": "level 45", "src": "levels/level 4.txt" },
    { "id": "level 46", "src": "levels/level 4.txt" },
    { "id": "level 47", "src": "levels/level 4.txt" },
    { "id": "level 48", "src": "levels/level 4.txt" },
    { "id": "level 49", "src": "levels/level 4.txt" },
    { "id": "level 50", "src": "levels/level 5.txt" },
    { "id": "track", "src": "sounds/music.mp3" },
    { "id": "impact", "src": "sounds/impact.mp3" },
    { "id": "select", "src": "sounds/select.mp3" },
    { "id": "jump", "src": "sounds/jump.mp3" },
    { "id": "success", "src": "sounds/success.mp3" },
    { "id": "collect", "src": "sounds/collect.mp3" }
  ]
}